{"tracking/epoch": 1, "_timestamp": 1682143795, "_runtime": 17868, "tracking/samples-sec": 123.92638397216797, "tracking/samples-seen": 1305888, "tracking/ema-decay": 0.9991549820551564, "tracking/training-l2": 0.2394593209028244, "_step": 40811, "metrics/online-validation/l2-loss": 41.62791442871094, "metrics/ema-validation/baseline similarity [steps=64]": 0.24798303842544556, "metrics/ema-validation/similarity with text [steps=64]": 0.2584491968154907, "metrics/ema-validation/similarity with original image [steps=64]": 0.7104372978210449, "metrics/ema-validation/similarity with unrelated caption [steps=64]": 0.028134651482105255, "metrics/ema-validation/difference from baseline similarity [steps=64]": 0.010466158390045166, "metrics/ema-validation/l2-loss": 42.043601989746094, "tracking/validation length (minutes)": 27.62539081176122, "metrics/ema-test/l2-loss": 411.3811340332031, "_wandb": {"runtime": 17869}}