{"tracking/epoch": 1, "_timestamp": 1681573075, "_runtime": 56643, "tracking/samples-sec": 141.4637908935547, "tracking/samples-seen": 669144, "tracking/ema-decay": 0.9986782843454746, "tracking/training-l2": 0.163455531001091, "_step": 20910, "metrics/online-validation/l2-loss": 32.291690826416016, "metrics/ema-validation/baseline similarity [steps=64]": 0.24481162428855896, "metrics/ema-validation/similarity with text [steps=64]": 0.24527369439601898, "metrics/ema-validation/similarity with original image [steps=64]": 0.7786685228347778, "metrics/ema-validation/similarity with unrelated caption [steps=64]": 0.10445263236761093, "metrics/ema-validation/difference from baseline similarity [steps=64]": 0.00046207010746002197, "metrics/ema-validation/baseline similarity [steps=1000]": 0.24481162428855896, "metrics/ema-validation/similarity with text [steps=1000]": 0.2347712367773056, "metrics/ema-validation/similarity with original image [steps=1000]": 0.7394900321960449, "metrics/ema-validation/similarity with unrelated caption [steps=1000]": 0.09788268059492111, "metrics/ema-validation/difference from baseline similarity [steps=1000]": -0.010040387511253357, "metrics/ema-validation/l2-loss": 32.54536819458008, "tracking/validation length (minutes)": 294.7356915156046}