{"tracking/epoch": 1, "_timestamp": 1681246314, "_runtime": 59, "tracking/samples-sec": 151.3786163330078, "tracking/samples-seen": 8416, "tracking/ema-decay": 0.966487389133243, "tracking/training-l2": 0.5610618591308594, "_step": 262}