{"tracking/epoch": 0, "_timestamp": 1682125713, "_runtime": 49, "tracking/samples-sec": 145.35496520996094, "tracking/samples-seen": 5920, "tracking/ema-decay": 0.9482725920922567, "tracking/training-l2": 0.5757806301116943, "_step": 184}