{"tracking/epoch": 0, "_timestamp": 1682300737, "_runtime": 14, "tracking/samples-sec": 128.06410217285156, "tracking/samples-seen": 1080, "tracking/ema-decay": 0.0, "tracking/training-l2": 0.494625061750412, "_step": 53}