{"tracking/epoch": 1, "_timestamp": 1681122954, "_runtime": 48, "tracking/samples-sec": 278.30584716796875, "tracking/samples-seen": 10496, "tracking/ema-decay": 0.9732056370864491, "tracking/training-l2": 0.5428952574729919, "_step": 327}