{"Epoch": 0, "Sample": 648, "Step": 80, "Samples per second": 28.54792525260088, "Samples Seen": 648, "Unet 0 EMA Decay": 0.0, "Unet 0 Training Loss": 0.3713935613632202, "_timestamp": 1682475918, "_runtime": 28, "_step": 81}