{"Epoch": 0, "Sample": 244, "Step": 60, "Samples per second": 17.90994860977375, "Samples Seen": 244, "Unet 0 EMA Decay": 0.0, "Unet 0 Training Loss": 0.5880904197692871, "_timestamp": 1682341708, "_runtime": 21, "_step": 61}