{"tracking/epoch": 0, "_timestamp": 1681511920, "_runtime": 87, "tracking/samples-sec": 143.78318786621094, "tracking/samples-seen": 11488, "tracking/ema-decay": 0.975388760278266, "tracking/training-l2": 0.49025392532348633, "_step": 358}