{"tracking/epoch": 1, "_timestamp": 1681084402, "_runtime": 83, "tracking/samples-sec": 157.9307098388672, "tracking/samples-seen": 9512, "tracking/ema-decay": 0.9905525468520645, "tracking/training-l2": 0.4951765239238739, "_step": 1188}