{"tracking/epoch": 1, "_timestamp": 1681469690, "_runtime": 68, "tracking/samples-sec": 145.4367218017578, "tracking/samples-seen": 8544, "tracking/ema-decay": 0.9670246799617523, "tracking/training-l2": 0.5263346433639526, "_step": 266}