{"tracking/epoch": 1, "_timestamp": 1681413287, "_runtime": 120, "tracking/samples-sec": 165.26304626464844, "tracking/samples-seen": 16000, "tracking/ema-decay": 0.9815798425067981, "tracking/training-l2": 0.5006446242332458, "_step": 501, "metrics/ema-test/l2-loss": 15.659764289855957, "_wandb": {"runtime": 126}}