{"tracking/epoch": 3, "_timestamp": 1682337997, "_runtime": 37241, "tracking/samples-sec": 127.95314025878906, "tracking/samples-seen": 2611776, "tracking/ema-decay": 0.9994681074761823, "tracking/training-l2": 0.13507334887981415, "_step": 81621, "metrics/online-validation/l2-loss": 39.40283966064453, "metrics/ema-validation/baseline similarity [steps=64]": 0.24798303842544556, "metrics/ema-validation/similarity with text [steps=64]": 0.2596134841442108, "metrics/ema-validation/similarity with original image [steps=64]": 0.721745491027832, "metrics/ema-validation/similarity with unrelated caption [steps=64]": 0.05227888002991676, "metrics/ema-validation/difference from baseline similarity [steps=64]": 0.011630445718765259, "metrics/ema-validation/l2-loss": 39.81573486328125, "tracking/validation length (minutes)": 27.64802718957265, "metrics/ema-test/l2-loss": 394.8629150390625, "_wandb": {"runtime": 37242}}