{"tracking/epoch": 3, "_timestamp": 1682336884, "_runtime": 36128, "tracking/samples-sec": 139.25991821289062, "tracking/samples-seen": 2483472, "tracking/ema-decay": 0.999449917060959, "tracking/training-l2": 0.19055406749248505, "_step": 77609, "metrics/online-validation/l2-loss": 39.40283966064453, "metrics/ema-validation/baseline similarity [steps=64]": 0.24798303842544556, "metrics/ema-validation/similarity with text [steps=64]": 0.2596134841442108, "metrics/ema-validation/similarity with original image [steps=64]": 0.721745491027832, "metrics/ema-validation/similarity with unrelated caption [steps=64]": 0.05227888002991676, "metrics/ema-validation/difference from baseline similarity [steps=64]": 0.011630445718765259, "metrics/ema-validation/l2-loss": 39.81573486328125, "tracking/validation length (minutes)": 27.64802718957265}