{"tracking/epoch": 0, "_timestamp": 1682125917, "_runtime": 181, "tracking/samples-sec": 144.78250122070312, "tracking/samples-seen": 23840, "tracking/ema-decay": 0.986604461088819, "tracking/training-l2": 0.43508899211883545, "_step": 744}