{"tracking/epoch": 0, "_timestamp": 1681510996, "_runtime": 30, "tracking/samples-sec": 146.7842254638672, "tracking/samples-seen": 3488, "tracking/ema-decay": 0.7688795752164551, "tracking/training-l2": 0.48177599906921387, "_step": 108}