{"tracking/epoch": 4, "_timestamp": 1681169151, "_runtime": 220, "tracking/samples-sec": 142.8677978515625, "tracking/samples-seen": 32672, "tracking/ema-decay": 0.9894360359839822, "tracking/training-l2": 0.47577327489852905, "_step": 1020}