{"tracking/epoch": 0, "_timestamp": 1681510916, "_runtime": 94, "tracking/samples-sec": 144.1194610595703, "tracking/samples-seen": 12160, "tracking/ema-decay": 0.9766352406415101, "tracking/training-l2": 0.47818827629089355, "_step": 379}