{"tracking/epoch": 0, "_timestamp": 1681471321, "_runtime": 1605, "tracking/samples-sec": 137.22402954101562, "tracking/samples-seen": 210400, "tracking/ema-decay": 0.9971214519397696, "tracking/training-l2": 0.26050785183906555, "_step": 6574}