{"tracking/epoch": 1, "_timestamp": 1681122779, "_runtime": 40, "tracking/samples-sec": 272.99169921875, "tracking/samples-seen": 8448, "tracking/ema-decay": 0.9666237580804974, "tracking/training-l2": 0.47781506180763245, "_step": 263}