{"Epoch": 0, "Sample": 408, "Step": 50, "Samples per second": 28.967488181444608, "Samples Seen": 408, "Unet 0 EMA Decay": 0.0, "Unet 0 Training Loss": 0.6525514721870422, "_timestamp": 1681414757, "_runtime": 21, "_step": 51}