{"tracking/epoch": 0, "_timestamp": 1681510674, "_runtime": 7, "tracking/samples-sec": 146.3043670654297, "tracking/samples-seen": 384, "tracking/ema-decay": 0.0, "tracking/training-l2": 0.7348289489746094, "_step": 11}