{"tracking/epoch": 1, "_timestamp": 1681124070, "_runtime": 60, "tracking/samples-sec": 274.8724060058594, "tracking/samples-seen": 13440, "tracking/ema-decay": 0.9786253006665413, "tracking/training-l2": 0.5247852206230164, "_step": 419}