{"Epoch": 0, "Sample": 3444, "Step": 860, "Samples per second": 21.918681002835008, "Samples Seen": 3444, "Unet 0 EMA Decay": 0.9880028829661961, "Unet 0 Training Loss": 0.04413384199142456, "_timestamp": 1682475847, "_runtime": 159, "_step": 861}