{"tracking/epoch": 1, "_timestamp": 1681169885, "_runtime": 119, "tracking/samples-sec": 167.40699768066406, "tracking/samples-seen": 16000, "tracking/ema-decay": 0.9815798425067981, "tracking/training-l2": 0.5006446242332458, "_step": 501, "metrics/ema-test/l2-loss": 15.659764289855957, "_wandb": {"runtime": 125}}