{"tracking/epoch": 1, "_timestamp": 1681122686, "_runtime": 42, "tracking/samples-sec": 267.47308349609375, "tracking/samples-seen": 9312, "tracking/ema-decay": 0.9698483496309298, "tracking/training-l2": 0.5082151889801025, "_step": 290}